symbol,year,enterpriseValue,averagePrice,nextYearGrowth,ROA,Sales_Margin,ROCE,EV/EBIT,PER,Dividend_Yield,Acid_Test,RSCD
NVDA,2019,101364738250.0,176.23554166666668,1.295617536474032,0.07788519410171532,0.0811710481392967,0.5299145299145299,0.04159237297690156,0.03877386631953023,0.003473823811771484,1.0,1.0
NVDA,2018,132655942949.99995,227.35799166666663,-0.224854422865203,0.06776532336980695,0.08261272390364423,0.4350453172205438,0.026052357121328657,0.0221151355552623,0.0024749790693614844,1.0,1.0
NVDA,2017,83277819750.0,150.58601666666667,0.5098214077203492,0.04232293466111168,0.07007959479015917,0.27091733870967744,0.02581719846237929,0.018911870510309098,0.0029627840355286165,1.0,1.0
NVDA,2016,25263532708.33333,56.05479166666667,1.6864075699743184,0.020827679782903664,0.037275449101796414,1.0,0.031270369394515184,0.02032201947144863,0.0070498210870009095,1.0,0.2705479452054795
KO,2018,195116700274.99994,42.033891666666655,0.1609919138663307,0.019329215535473947,0.06827599196383727,0.08543172098510544,0.04750490340876078,0.03560524765241973,0.0367673710604098,0.476816206412757,0.2425170068027211
KO,2017,187105459233.3333,39.611808333333336,0.061145487551375825,0.003549649585874215,0.05295820389720418,0.05754811486855685,0.04052794627731027,0.007286252730366305,0.03689833113454731,0.6231153931014194,0.9160425223483932
KO,2016,174798298083.33334,37.38591666666667,0.059538239666897814,0.018697719720407933,0.051513269474237386,0.07051424755120214,0.05073848027840518,0.039978121834502285,0.03701360353085604,0.5905133423790141,1.0
KO,2015,164201362291.6667,34.37579166666667,0.08756525607289029,0.02039836613277391,0.04926175102722717,0.0866924122385388,0.06370836303671094,0.04854536841616355,0.03791306762035029,0.5661529892313405,1.0
AHH,2018,1309578416.6666665,12.787808333333333,0.229213762848338,0.0033987760217863068,0.038460145770935816,0.02967409343652796,0.06296911964225638,0.026905314111031538,0.07960238169558638,1.0,1.0
AHH,2017,1018273146.6666667,11.668533333333334,0.09592250954133036,0.005044227766044847,0.02681482044185209,0.04124325650301997,0.08387729783466351,0.04017238247289279,0.08324980443472665,0.9306076113593772,0.07985676085045908
AHH,2016,929953827.4276,10.184933333333333,0.14566614738109895,0.007143744121945956,0.025813224451883814,0.011244430731901185,0.027746538848466482,0.07352355242717677,0.08863210033457802,1.0,0.02405887585385093
AHH,2015,633398950.5427,7.7653,0.3115956026596955,0.007121341982489955,0.02632704801140865,0.015095590287468603,0.0409883849314174,0.084101202984425,0.11570873177126062,1.0,0.033124767149294944
AEIS,2018,1842627196.6666675,57.49916666666668,-0.018101711619009437,0.04501772233136228,0.0596588221874774,1.0,0.09354903710953036,0.06700014620105584,0.0,1.0,1.0
AEIS,2017,2424401313.333333,71.57833333333333,-0.19669592753859386,0.04699969180753517,0.0748011958057382,1.0,0.08174842956486658,0.04863184998737837,0.0,1.0,1.0
AEIS,2016,1337630080.0000002,40.9025,0.7499745329340096,0.05575132670433172,0.06556540777004118,1.0,0.09574844489143064,0.07846606193528062,0.0,1.0,1.0
AEIS,2015,887047470.0000002,26.59916666666667,0.5377361446160595,-0.08563329932913756,0.06427987685958184,1.0,0.11787644239603096,-0.14987189265781015,0.0,1.0,1.0
AGEN,2018,286868016.0,2.9433333333333334,0.026896942242355736,-0.2926893092079845,-0.8506285594884517,-1.0,-0.4548553715378295,-0.4887885770254966,0.0,0.5491460122309271,-1.0
AGEN,2017,459661740.3333334,3.851666666666667,-0.23582864560796202,-0.21801070625961366,-0.6238145241493324,-0.16704376892428027,-0.2084526306899412,-0.31974626762864383,0.0,0.6509258431902791,-1.0
AGEN,2016,438355657.0,4.416666666666667,-0.12792452830188678,-0.20223966838670554,-1.0,-0.20864174156620302,-0.25020574104282634,-0.3305014313597918,0.0,1.0,-1.0
AGEN,2015,416768886.0,6.078333333333334,-0.2733753770222101,-0.09070064712125267,-0.8129594099212134,-0.18809967890031387,-0.20795483758833186,-0.1853601927822657,0.0,1.0,-1.0
ADI,2019,44674675666.66666,106.25966666666666,0.0940202303163007,0.015928503170786628,0.0753733685079364,0.12019922381321267,0.05654330920828099,0.034389200542650315,0.019616092626618797,0.455790411445601,1.0
ADI,2018,37760020423.05348,87.28921666666666,0.21732867729175406,0.01828176236036585,0.07586488472235348,0.07475880966619929,0.05010871230474282,0.046282532147551576,0.021766839840994482,0.5423955543481508,1.0
ADI,2017,34923876404.3837,77.096775,0.132203216887693,0.008599982101379414,0.05164627411868383,0.03544569640165385,0.030905074439689675,0.025589122748235202,0.02118598326049541,0.5639559941165121,0.9797082637426476
ADI,2016,14962852030.880003,56.09383333333334,0.3744251447723008,0.02702741359837135,0.07512343598792194,0.14657338775693285,0.0698849389034893,0.04984615703223761,0.02968680467769768,1.0,0.28712682612329715
AIN,2018,2411933911.666667,64.58148333333334,0.19834748814740188,0.014614151560798653,0.03496461501976124,0.06467292414085428,0.05617442474050872,0.039737161447278034,0.010511117031921658,1.0,1.0
AIN,2017,1980268943.3333333,51.23838333333334,0.26041219749647315,0.00608122403941234,0.022041652532021484,0.03564551890462113,0.03702022406946364,0.02006878161584929,0.013254935977681376,1.0,1.0
AIN,2016,1487049272.5,38.500725,0.3308420382559896,0.010434467043365179,0.029421457505972387,0.05416633946017858,0.06308264408905119,0.042668614309724864,0.01764905875492991,0.9184561694723736,0.6946711296079622
AIN,2015,1171267266.6666667,34.10313333333334,0.12894978369533971,0.014184121430877944,0.022502422985681846,0.059707868135184076,0.05406024893037507,0.052486929353510035,0.01932373760377834,1.0,1.0
ABC,2019,17774477800.000008,80.73015000000002,0.1631334967997291,0.005459036025240491,0.0015478707643989194,0.10281150344944444,0.09339751179638027,0.049978113084612565,0.01980590847736751,0.2885573565510691,1.0
ABC,2018,19583260106.874783,84.03255833333333,-0.039299152600276506,0.01100618616942287,0.002149112983364529,0.08377353312660643,0.0712062237027875,0.09255915642538327,0.01858773581547696,0.25073593399165195,1.0
ABC,2017,18857428780.491367,81.94098333333334,0.025525383207710976,0.002580127628837197,0.0017309577991084016,0.07742153498371564,0.05637417552385419,0.0204048570997767,0.01792963088460806,0.2394248637071179,1.0
ABC,2016,17483852611.193466,75.58006666666667,0.08416130002531534,0.010606730706378022,0.002597509810133336,0.10639482951356273,0.08755633177895478,0.08585725110031778,0.01734528973476018,0.23985956343714496,1.0
AKER,2018,946226904.92,76.24,-0.8167348723329836,-0.3474024090163339,-1.0,-0.021632578253119563,-0.0111158887422349,-0.011399856149073738,0.0,1.0,1.0
AKER,2017,9145798626.9712,206.9456,-0.6315940034482492,-0.19721559153084905,-0.4928731587093021,-0.01664369289014525,-0.0008054310290931356,-0.0008049513535121745,0.0,1.0,1.0
AKER,2016,2482652225.4080005,455.34240000000005,-0.5455165168014224,-0.16241241334744774,-0.28104811963341025,-0.008310220615977597,-0.001350866611794105,-0.0013305829557331054,0.0,0.33887200061269096,1.0
AKER,2015,3526235523.36,650.808,-0.3003429582918464,-0.28143180129278494,-1.0,-0.024267409325762712,-0.002774404300333859,-0.0026374405677366715,0.0,1.0,1.0
ADM,2018,24983556625.000008,41.965708333333346,-0.04398492022752717,0.01108172311610707,0.007833263393481605,0.08200916357964516,0.13468858939934855,0.0760678178847974,0.03185602539042896,0.4999575407608696,1.0
ADM,2017,22850421300.0,38.212275,0.0982258536905575,0.009977979631158821,0.0062183533898862355,0.07934264493958541,0.12529309470543548,0.07297292659129923,0.03339826734272629,0.4276849642004773,1.0
ADM,2016,21796155875.000008,35.90212500000001,0.06434577340477718,0.008040182051346526,0.00657219388573445,0.08535273468463367,0.13832714435017313,0.06027856556124954,0.033037743908081264,0.4635997874440143,1.0
ADM,2015,22963299975.0,38.23880833333333,-0.06110763999139581,0.011511069053963194,0.006683702106289328,0.0723295010603862,0.11287576275282273,0.07786476217122748,0.02893082293760588,0.5029988893002592,1.0
AIV,2018,8677118195.412666,5.087666666666666,0.2388717814322217,0.02690737356550981,0.05546940076716611,0.0282832158955796,0.1042062559984522,0.8780665237302738,0.3628289540709128,0.0390620554075377,1.0
AIV,2017,8295848838.1884,5.1172,-0.005771385393053639,0.012986178738748223,0.048233504436379415,0.01668397158989113,0.061424455765671425,0.3925731485794961,0.32419166858283194,0.11599532972199927,0.4983296692979917
AIV,2016,4505072785.421775,4.790608333333334,0.06817331828073324,0.01726386042396874,0.06195586903301086,0.04210114196357831,0.14527046091636645,0.5726653497467562,0.33528750603106994,0.26335870198196754,0.0801202978505439
AIV,2015,4383535201.6950655,4.145941666666666,0.1554934242924308,0.010119716271979691,0.06527371574731736,0.02865650009045808,0.10132096117951883,0.3837405458887629,0.3897147463378052,0.1896307498211761,0.0547816794465588
ACGLP,2018,9154638616.798815,20.046141666666667,0.11262225440722788,0.00588152011235592,0.03860937061972257,0.12135140776928567,0.09195032542905007,0.09395170078318836,0.002229764918959664,1.0,0.7304943367015756
ACGLP,2017,3719223031.1843,19.7937,0.012753637100020006,0.004830311742375386,0.033642550922943645,0.10921245806881473,0.20361161286927792,0.23886939846244296,0.0069387603127204385,1.0,0.405584304433659
ACGLP,2016,3074442652.532,17.795999999999996,0.11225556304787626,0.0058962228418803705,0.04791874460631837,0.1234320537383717,0.2782787310393961,0.31702418676615146,0.00823247475342236,1.0,0.5198383282577999
AES,2018,23809251262.324,12.112749999999998,0.3511988056662058,0.009247870606684909,0.047924408592404606,0.04308830197234187,0.12772346204822113,0.14995790591224864,0.0428807312001775,0.5044328256421914,0.560036832412523
AES,2017,22641818066.504,9.82425,0.23294399063541735,-0.008765704276395265,0.04121426436896105,0.026559604694255712,0.08356219427445181,-0.17895076404718172,0.04886080293105651,0.4840743198407432,0.28374325134973005
AES,2016,23213074518.69713,9.760691666666666,0.006511662851761661,-0.007821368254935075,0.020746887966804982,0.020072516694490814,0.06629884372965769,-0.175627434328942,0.04507252739415326,0.5482738998482549,0.2814557425018288
AES,2015,22729183741.197998,9.736200000000002,0.002515526249118173,0.0020759837177747624,0.03328127076963977,0.035272886361150606,0.11351045551730905,0.04713360129630803,0.04251265999274842,0.44539568345323743,0.3253467843631778
ADC,2018,2468639004.50025,48.475475,0.3602194374234254,0.007170436285770213,0.12315192820270587,0.029957383694779575,0.03410219146927988,0.03196175921329858,0.03716271521813054,0.6883969437808859,0.9565721298063812
ADC,2017,1769216934.2708333,42.376041666666666,0.14393589144809624,0.009720105390349744,0.13381450817210758,0.0379952465811341,0.043480818270431466,0.04422981273356755,0.04197235085705735,0.7155950966990117,1.0
ADC,2016,1326383572.92035,37.07955,0.14284131459703986,0.010144119432515685,0.14069345657565527,0.0392329490035832,0.0460952632769612,0.0465045051785202,0.04402765944191876,0.5564530238525689,1.0
ADC,2015,822950379.5137835,25.228783333333336,0.4697319926248257,0.012307702288141013,0.1433294736893559,0.04267716292456685,0.06326973447750615,0.07494008561577832,0.06458857185339655,0.09895396011241514,0.8582422927668141
ADS,2018,11980038416.666666,208.50251666666665,-0.34474200191508475,0.007923436127117222,0.060783319642673785,0.0959586237639812,0.15812136272990945,0.08398416177826674,0.010917679425437645,1.0,0.2681093780960738
ADS,2017,15400677466.666662,227.01388333333333,-0.08154288361071606,0.006425819949942643,0.05329105889058735,0.055081341634866436,0.10684594905396416,0.062039943833516964,0.009085347423318384,1.0,0.4041805855767341
ADS,2016,15003623108.333332,201.20039166666663,0.1282974225489208,0.005054068142713245,0.044322018464297216,0.05949694405265633,0.0843462936160476,0.04345107287782831,0.0025272047040225854,1.0,0.2195523941707148
ADS,2015,20367539383.333332,266.9189416666666,-0.2462116385957747,0.0066513415720304715,0.04898718055028879,0.05794422667284072,0.061954464712245735,0.036047007275616036,0.0018128011624825137,1.0,0.3605658368541455
ALGT,2018,2902650271.3495502,135.546075,0.07630437350054832,0.016188825406176412,0.03650175987602605,0.056517866952992886,0.08718928439227151,0.07376163793727633,0.020627018403653496,0.4627779204507428,0.6141257662012434
ALGT,2017,2742762006.2714,137.92451666666668,-0.017244516958611837,0.02234953721222829,0.037766379079890784,0.061709996484780365,0.08551088262989172,0.08795411064974118,0.02063222511265234,0.4758697153658802,0.4621380802440188
ALGT,2016,2725662046.9256263,141.23615833333338,-0.02344754845887872,0.032841761307891466,0.06797577982890028,0.12976373481795395,0.13750567515248044,0.09347274103156428,0.02874971050262695,0.5157280006515687,1.0
ALGT,2015,3105210999.9999995,168.84099999999995,-0.1634960801385126,0.04055970157494749,0.07362255068183186,0.1656686204764195,0.12113186511319197,0.07677742059445418,0.021753497982961348,0.48885449856632,1.0
AGE,2018,97943000.0,2.99,-0.007246376811594295,-0.17575672383094368,-1.0,-1.0,-0.10934931541815136,-0.07168657429526994,0.0,1.0,-1.0
ALLY,2018,19857840723.20585,24.800816666666666,0.16260486045822414,0.0017652583734464886,0.06986560992419022,0.006187250144954072,0.08168058262772411,0.12577375351924405,0.024099167340979458,0.3623976806120904,0.05952730475631239
ALLY,2017,22105330397.34706,21.059941666666663,0.17762988422332618,0.0013894871610788044,0.39263619178553016,0.03487040063539582,0.41311302911337455,0.10093075323195294,0.01999059052172157,0.3819322271091564,0.3956672443674177
ALLY,2016,31041995717.298668,16.505333333333333,0.2759476734792793,0.0016292265220365484,0.3826520728399845,0.02621722846441948,0.25436508889149234,0.1384276845932057,0.014011424494907415,0.42994705014322493,0.3101335428122545
ALLY,2015,51781626221.189064,18.848550000000003,-0.12431813941479157,0.0020320845498514955,0.15074652777777778,0.02485572629216571,0.1676849615133739,0.14188806106227314,0.2830055895974432,0.15320239558542773,0.41229819563152903
AAL,2018,35570429857.35333,41.91266666666667,-0.2745269926354802,0.0058270056124133385,0.014907613210300624,0.034695996978851965,0.08265292299784298,0.07314004455913098,0.0096345951048147,0.19659040671971706,0.33793103448275863
AAL,2017,38914739681.814186,45.81993333333333,-0.08527438567493911,0.009334383998754766,0.024036297296656958,0.04593400248712027,0.10630933250038728,0.08807705746556868,0.009087679717656382,0.2601911253675488,0.5734682561685611
AAL,2016,34113521258.50388,36.70754166666668,0.2482430381585977,0.013047548465109022,0.03287705326032852,0.058793456032719835,0.15507047659822862,0.14370469323380078,0.01202909240821053,0.3326845444059977,0.9293745607870696
AAL,2015,37735579702.07383,41.88383333333333,-0.12358686525827348,0.0392956728286688,0.03783849719443767,0.07415402881968805,0.14564503959900627,0.2908845752688533,0.01062626963531422,0.3352443954428519,0.8833172613307618
ALEX,2018,2258146400.0,21.2562,0.05311156274404643,-0.008089160524896638,0.0670391061452514,-0.0020138203356367228,-0.009033958117153077,-0.04704509743039678,0.1027804698027974,0.4756568778979907,-0.13728129205921938
ALEX,2017,1549248390.0,20.9523,0.014504374221445794,0.02558040516314091,0.01145710928319624,0.004779895815444502,0.02155884118749996,0.22101781871212364,0.010455507849719384,0.09468062149331033,0.24028776978417266
ALEX,2016,1314059500.0,17.215500000000002,0.21706020737126416,-0.0011825812734777164,0.02683870967741936,0.009447852760736196,0.04687763377533514,-0.012091618907735609,0.016240703827056654,0.28467595396729256,0.4483260553129549
ALEX,2015,1329970752.5,17.044391666666666,0.010038981541826985,0.003298417650991754,0.017090271691498685,0.01127614428614732,0.05594107980205377,0.03551414361117609,0.013677744498898898,0.2615051434759069,0.3174061433447099
ADXS,2018,1380983755.915,20.48875,-0.8858247412197752,-0.2670555832142226,-1.0,-1.0,-0.04812873411096875,-0.0466731068448068,0.0,1.0,1.0
ADXS,2017,3829828790.424999,94.66249999999998,-0.7835600158457678,-0.24944902797552604,-1.0,-1.0,-0.025546333623217357,-0.023953410661048374,0.0,1.0,1.0
ADXS,2016,4879070027.550001,125.65000000000002,-0.2466175885395944,-0.10878263039825238,-1.0,-1.0,-0.015595565255333937,-0.014620140432465331,0.0,1.0,-1.0
ADXS,2015,7043507811.375,213.125,-0.4104398826979471,-0.0983045138160773,-1.0,-1.0,-0.0069057163422815366,-0.006572572170777384,0.0,1.0,-1.0
ABG,2018,2234166666.666667,68.79833333333333,0.289977954892318,0.015582102841878756,0.011306441289421622,0.08965855346637444,0.13915703095859752,0.12209598100729185,0.0,0.1862195964091153,0.1424839596700275
ABG,2017,2126125000.0,60.39166666666667,0.139202428591141,0.014755802605337973,0.011139936498102687,0.08334298957126303,0.13531659709565522,0.10968085316091386,0.0,0.22495747495747492,0.1746600291403594
ABG,2016,2205675833.333333,56.36416666666667,0.07145497286987898,0.01789306964599118,0.011405067557216826,0.09399299091008652,0.15564390506160053,0.12897494360881712,0.0,0.19798171780251608,0.19700447607023988
ABG,2015,3030371666.666667,80.62583333333333,-0.30091678638980474,0.01834424736545384,0.011444530455504457,0.08975248052917956,0.11104248488771727,0.08071472924549378,0.0,0.21125223258583053,0.2131905727318804
AKBA,2018,808857111.5899999,9.671666666666667,-0.44089264173703263,-0.03602163485660385,-0.2144017579497646,-1.0,-0.2201624952643881,-0.12701315069973873,0.0,0.6662388546179236,-1.0
AKBA,2017,350292398.93499994,14.031666666666665,-0.3107257393989784,-0.05278972784950872,-0.11225306769147787,-1.0,-0.2275613180370251,-0.11512617286469999,0.0,1.0,-1.0
AKBA,2016,68185144.3175,8.5075,0.6493290234107157,-0.11304111040051165,-1.0,-1.0,0.0,-0.4132037646297693,0.0,1.0,-1.0
AKBA,2015,155526015.075,9.5875,-0.11264667535853976,-0.10619140898278998,-1.0,-1.0,-0.3936704735247972,-0.20653526123562266,0.0,1.0,-1.0
AGS,2018,1312727090.9090908,25.339090909090906,-0.3112420622107415,-0.0071259410781823,0.016355647934272466,0.043305876744039115,0.06891836134603344,-0.024196513176360845,0.0,1.0,1.0
AGR,2018,19522642666.666664,45.77626666666666,0.03815459685077015,0.00462430441135325,0.043641573729863686,0.09262707130888102,0.10193292137635468,0.04192903830900025,0.03784183793602208,0.28761651131824234,1.0
AGR,2017,17806949916.666664,40.81274166666667,0.1216170440236288,0.0030074831865113194,0.021122636774301488,0.06126178111175226,0.07154509929898674,0.030113935204414705,0.042285972006199116,0.3285163776493256,0.5975609756097561
AGR,2016,15067580083.333334,34.350258333333336,0.18813492669026502,0.005030502411447188,0.0499581589958159,0.11799246620873033,0.14136311127730802,0.0591628174901973,0.03765760287868114,0.3455014749262537,1.0
AGYS,2019,498757638.2975,22.9575,0.13034955896765762,-0.020117243613646228,-0.02321928118032973,-0.3409881881459608,-0.02593042994618901,-0.02439907553663773,0.0,0.6600572888972744,-1.0
AGYS,2018,295425697.8575,14.37583333333333,0.5969509013970207,-0.01327867079710191,-0.023712311557788943,-0.3037792221406856,-0.0392349077418139,-0.024902203094472903,0.0,0.6945223301406429,-1.0
AGYS,2017,197087651.55,10.608333333333333,0.3551453260015709,-0.017514419772272197,-0.022337442629113864,-0.2987601583663263,-0.05819745635910695,-0.04760248302211053,0.0,0.7694606901612102,-1.0
AGYS,2016,182894005.70833337,10.604166666666668,0.00039292730844774716,-0.005083523712309013,-0.00895809447850722,-0.0961637619882438,-0.020394326131980202,-0.015475549090828556,0.0,0.4288770794824399,-1.0
AC,2018,441982633.3333334,37.02376666666667,0.029647397662582745,-0.015218197610518496,-0.14794328109223406,-1.0,-0.15515994255882906,-0.06822761986924263,0.005479441544775058,1.0,-1.0
AC,2017,525381399.9999999,34.10389166666666,0.08561706178693697,0.0021940779509690487,-0.189355378041984,1.0,0.012385288097370791,0.010796666167375329,0.005825337137721575,1.0,0.5786057264805264
AC,2016,433426375.0000002,29.90077500000001,0.14056882026190462,0.002681599785010125,-0.09792807506324656,1.0,0.03449720843591946,0.013669210915101695,0.0033497459514009236,1.0,0.7094998576444909
AHPI,2019,6108307.550625,1.570625,5.040588937524872,-0.03412869156101478,-0.022099167851042018,-1.0,-0.3313543044820825,-0.33467081250730857,0.0,0.5076167152699672,-1.0
AHPI,2018,9585644.552108333,2.4222416666666664,-0.3515820400524307,-0.03163990963465031,-0.014777967848474197,-1.0,-0.20818245337097152,-0.2254911433186001,0.0,0.6237233030342318,-1.0
AHPI,2017,7496271.369166665,2.1158333333333332,0.14481685703032707,-0.026591426062562915,-0.015307144926762118,-1.0,-0.27375823245151976,-0.2459576140062409,0.0,0.6791121471355672,-1.0
AHPI,2016,11202718.411058333,1.6078416666666666,0.3159463255606633,-0.024841165473865588,-0.013346267255447445,-1.0,-0.17883159484062552,-0.17858072891176102,0.0,0.6160991796842152,-1.0
ACHC,2018,6354730967.365833,37.119166666666665,-0.17607704914352404,-0.007118261891770342,-0.014021348792773438,-0.01336556075170026,-0.026587120818748824,-0.054145797074495065,0.0,0.534806197268341,-0.3848224779293192
ACHC,2017,6797484992.18,42.03666666666667,-0.11698120688288012,0.007776283671481463,0.020871969131789264,0.018465630399176026,0.034836119575463335,0.05460394900124869,0.0,0.6184109764725522,0.5615665182107504
ACHC,2016,7626574850.889998,51.10999999999999,-0.17752559838257334,0.000254907858050308,0.4970690138510108,0.4294018570496495,0.7328155966826702,0.0013864833355087627,0.0,0.6172896037799134,1.0
ACHC,2015,7050945731.705,68.7925,-0.25704110186430223,0.006575632687170149,0.02295259605503953,0.018755256498933788,0.023366085383295217,0.023127011203690137,0.0,0.4997450060819496,0.5415872243625988
ALB,2018,10526622094.4,91.6909,-0.23555909037865244,0.02286968550744862,0.05193499162950562,0.18724534872749415,0.09953848353285293,0.07161917917601104,0.016455139468505645,0.5484747369995766,1.0
ALB,2017,12454514257.999998,110.14733333333332,-0.1675613269499639,0.0017691786056924395,0.04783150975137826,0.13397365977980394,0.060947860693356,0.004504594303401612,0.011543341139529996,0.7847209442721236,0.7062985473479703
ALB,2016,7753103779.900002,70.21739166666667,0.5686617050120653,0.01971751849940824,0.04759043300041125,0.09499218736383236,0.104037560040297,0.08146607388282387,0.01713081523791022,1.0,1.0
ALB,2015,8381839421.6916685,48.59614166666668,0.4449170090149471,0.008707891636975256,0.03029268746910376,0.04150975810338547,0.06226652334204055,0.0614122125611281,0.026146574157125086,0.4089463933914152,0.3221387860510304
ABT,2018,126617091999.99997,62.90626666666666,0.2741773739553245,0.008813064773048695,0.029841716266596895,0.040686011522940914,0.05510314515831718,0.02126740590780515,0.01772882570186122,0.6011984021304927,1.0
ABT,2017,98857505175.00003,46.45940833333334,0.3540049028461938,0.0015639344262295082,0.01575392479006937,0.015545660107902252,0.031712311517980804,0.0058702269897741785,0.02275482118258376,0.928298922800718,0.9687886279357232
ABT,2016,56676007700.0,36.9319,0.25797503874247857,0.006645653742452436,0.03818395434709634,0.01367627862821882,0.032535813209722604,0.025561435150209044,0.028099320497265514,1.0,0.5250569476082004
ABT,2015,62226940550.0,41.48800833333333,-0.10981747537089537,0.026808010279535482,0.035126194560156816,0.04496103198065037,0.05377092253654113,0.07078958736961588,0.023095042861034525,0.6290006531678641,0.5080473732159125
ADES,2018,216173166.6666667,9.234608333333334,0.23279366657853195,0.05551345325182884,-0.0668197953643767,0.2433607555759669,0.2255182766285362,0.19196266219556324,0.10918167437167972,0.46642844863577204,0.9297238538408726
ADES,2017,133980075.0,7.841575,0.1776471350887206,0.08434300031470139,-0.09675837722738988,1.0,0.41676346277608817,0.1692626435742455,0.09527969280952578,1.0,1.0
ADES,2016,107066183.33333331,5.467008333333332,0.4343448046692206,0.2275900313152401,-0.07950100746710917,1.0,0.3996126383509515,0.812127734256077,0.13045193544583067,0.8201256800641052,1.0
ADES,2015,184581916.66666663,8.197041666666665,-0.3330510499214656,-0.12398601398601397,-0.1665630628476705,-0.5302017142012708,-0.15550277361045212,-0.16713901310478332,0.08700478138130951,0.2448095504272139,-0.6808757946674258
ALRM,2018,2090362895.63375,45.10041666666667,0.2126458550826396,0.012202229100763065,0.007254562490784648,0.054152279901009175,0.006992565755224268,0.00992152803484827,0.0,1.0,1.0
ALRM,2017,1716082221.6750007,36.89250000000001,0.22248198595017016,0.019676919392639672,0.02461666917450736,0.12046675621222296,0.020068968470744054,0.01679729614459732,0.0,1.0,0.2352491154250741
ALRM,2016,1023819350.5391662,25.090833333333325,0.4703577003553765,0.009716932381480985,0.013460050707375548,0.5086929199832425,0.014232002933258278,0.008770434562138194,0.0,1.0,1.0
ALRM,2015,591854645.2133332,15.686666666666666,0.5995006374840625,0.013012229372608859,0.0215318735398874,0.6583208955223879,0.029809684088296044,0.016493050374014724,0.027950450680572368,1.0,1.0
AEE,2018,21821134275.0,57.17028333333332,0.2571905800711736,0.007505052360830424,0.05392624384040693,0.046399949115888565,0.06686178553383197,0.058448429806630973,0.032693919732717694,0.19538518794194268,0.4622940430925222
AEE,2017,19680202398.333336,51.92169166666668,0.10108668454722547,0.0050395066486799,0.05900922778047596,0.05270574971815107,0.07601547838383473,0.0415204506454422,0.034692996046000464,0.185374149659864,0.4358974358974359
AEE,2016,17128607550.0,43.45675,0.19479003070102305,0.006609579335195757,0.056821922317314026,0.0539260269819615,0.08307738944021753,0.06193913573117876,0.040028047899781684,0.1993268511593119,0.4389265885256015
AEE,2015,15097637745.0,35.076825,0.2389020385967088,0.00666243654822335,0.05161528369957363,0.04733362394652717,0.08630489232870384,0.07403370376960741,0.04794563672698385,0.3294314381270903,0.6198858230256898
AJRD,2018,2032360000.0,31.45,0.3460784313725491,0.013784586964378941,0.0356822617226647,0.15486111111111112,0.10972465508079278,0.056844528351881286,0.0,0.6941819423887055,0.36260162601626017
AJRD,2017,1917309333.3333333,25.555833333333336,0.2306387974043759,-0.0010182848541196263,0.015222139356488388,0.049181696726786905,0.061440268376099276,-0.004891251182052369,0.0,0.7399966375252186,1.0
AJRD,2016,1421848000.0,17.69,0.444648577350669,0.0020004445432318294,0.008686765457332652,0.02512603675394373,0.043464561612774365,0.014704104405676438,0.0,0.5735823196847696,0.3507377979568672
AJRD,2015,1644380750.0,19.2175,-0.07948484454273448,-0.0019902697921273774,0.004873265819820874,0.01285976729944887,0.02043322387470177,-0.013401934139007426,0.0,0.4557841544847501,0.3016157989228007
ADMA,2018,234812093.01333332,4.926666666666667,-0.15984438430311226,-0.18492916987603508,-0.8873699536481273,-0.5154913814931554,-0.25646320522589305,-0.28788616470600953,0.0,1.0,-1.0
ADMA,2017,122741505.25,3.75,0.3137777777777778,-0.10127626309386252,-0.4317775573184491,-0.35965896266269604,-0.3297428031175298,-0.31773727567323184,0.0,1.0,-0.465243651466809
ADMA,2016,79121237.59625003,6.3712500000000025,-0.4114184814596823,-0.2059856551074231,-0.406395620801241,-0.3504763761927055,-0.21834317213484514,-0.2376863105031463,0.0,0.7412099285556508,-1.0
ADMA,2015,95382563.173225,9.142508333333334,-0.3031179444736627,-0.18944018552011832,-0.5403524741373653,-0.2829676542101491,-0.1690792684058117,-0.18347056091292116,0.0,1.0,-1.0
AE,2018,48553933.8048,39.2688,-0.16047982113026105,0.0026401190518879764,0.000201118378163115,1.0,0.07338231366225087,0.017781675987571542,0.022406723120501862,0.8388741512326899,1.0
AE,2017,45730532.34633333,36.78008333333333,0.06766479140658106,-0.0004262408738468504,0.00028402644358047286,-1.0,-0.0743485768818655,-0.003107201033327895,0.02392286936655564,0.900835661044152,-1.0
AE,2016,51726515.09303334,32.97340833333334,0.11544681585590785,0.002544841051233028,0.001376484711788566,1.0,0.10064470785701853,0.01807022961537244,0.02668468846106133,1.0,1.0
AE,2015,86773477.81986669,42.35836666666667,-0.22156091161840508,-0.0013105688382706658,-0.00030332580869309395,-1.0,-0.0234172935216246,-0.007136840693399001,0.02077800208148791,1.0,-1.0
ACLS,2018,513403261.6666665,21.23583333333333,-0.11197661185888604,0.020916105834538262,0.03386940066655369,1.0,0.11650685623971675,0.06636570450842548,0.0,1.0,1.0
ACLS,2017,649192133.3333333,22.954166666666666,-0.0748593211109096,0.06501142932050846,0.029132089993935132,0.25631466510283585,0.0754044873412925,0.17258419867022848,0.0,1.0,0.4632535251253904
ACLS,2016,326681693.3333333,11.853333333333332,0.9365157480314964,0.00909982761530088,0.015565772717057457,0.08451465893817205,0.04927426399610108,0.03144160726775472,0.0,1.0,0.15284186938604988
ACLS,2015,1251060256.6666667,11.056666666666667,0.07205305999397031,0.01272894408214236,0.017179389376274896,0.10576600561821307,0.016131117500103785,0.0114460547147565,0.0,1.0,0.19197328868764507
AAP,2018,10292026656.333334,139.97838333333334,0.12162973259085355,0.011720592373467035,0.01576826872433473,0.20321632393892106,0.08259170213836545,0.04178782915712551,0.0017568068849155931,0.2212981381644128,1.0
AAP,2017,9338115298.8,119.572675,0.17065528000718672,0.014014622918946168,0.01520762586379204,0.19828886324790415,0.0887031240775581,0.05378574539178848,0.002019517561802697,0.1807995581732348,1.0
AAP,2016,12346192963.15,155.09935,-0.22905753634686404,0.013819007092335052,0.020579651553945318,0.2533977910882232,0.08562412746627637,0.04018229100838537,0.0015507383848178278,0.1151911591965933,1.0
AAP,2015,12969964166.5,161.60058333333333,-0.040230259069815734,0.01454896481864734,0.021202076446813597,0.16862792292576131,0.06309161609818237,0.039957340955739315,0.0014896706587857215,0.10085354039010637,1.0
AHT,2018,8892164024.59525,53.70859166666667,-0.3477331606318109,-0.006773754074410461,0.015797926878107115,0.005298631019930627,0.009363187607618357,-0.0233975050151392,0.017957326183389563,1.0,0.1758106475889622
AHT,2017,8259554830.130257,51.96405833333333,0.03357192238802257,-0.003587267256978276,0.02345025603257207,0.008902031604906751,0.015939478907475668,-0.013238049641646136,0.020070438443083125,1.0,0.016797055115285266
AHT,2016,7504819214.384325,44.88164166666667,0.1578020857451551,-0.002365561875759474,0.026089060435925772,0.009069483528494791,0.018004164542834322,-0.010700372832589565,0.021145286834456187,1.0,0.01711426346526913
AHT,2015,8676419475.456375,54.514625,-0.1767045693395733,0.013642087187629088,0.025788800911915485,0.007671599022483505,0.013586710547302044,0.052057998226304025,0.01753884894420325,1.0,0.014632592634152166
AIRT,2019,50940705.13313334,19.218733333333336,-0.2781405122085744,0.002909436620930529,0.00809126813153467,0.11727534960364022,0.3077887115818884,0.03447152283770562,0.001942426109729244,0.3919107110825641,0.2797218170034324
AIRT,2018,73622759.11248334,20.241783333333334,-0.050541495438066526,0.005859963951906806,0.0054564277398733785,0.016839380146822038,0.03601613185874745,0.055047508386863016,0.0,0.4400582741453969,0.026617364510032087
AIRT,2017,40162332.024575,13.478675,0.5017635882854459,-0.012296356102987628,-0.0052211530147986025,-0.05574086583692403,-0.10505331207904747,-0.11671128821918965,0.0,0.7173584440966441,-1.0
AIRT,2016,23930568.09885,14.76755,-0.08727751048752158,0.02115775567296341,0.010174050554551143,1.0,0.25713593486715874,0.1259806544553554,0.0,0.8489273434248177,1.0
AKTS,2019,44554333.33333331,7.0491666666666655,0.14505260669109826,-0.1524953596529646,-1.0,-0.3428336530556317,-0.5615615390945888,-0.5186428655869489,0.0,1.0,-1.0
AKTS,2018,46347912.00000001,6.212500000000001,0.13467471495640468,-0.1854330669570637,-1.0,-0.44877694769708093,-0.4448982944474391,-0.437396921529175,0.0,1.0,-0.8742051218827245
AKTS,2017,54252355.33333334,7.769166666666668,-0.20036468947763592,-0.12585784341497,-1.0,-1.0,-0.181530975742706,-0.14654467446101038,0.0,1.0,-1.0
AKTS,2016,27330622.333333325,3.7704166666666654,1.0605591778097037,-0.2975170271686251,-1.0,-0.8281194812114246,-0.16196521052508786,-0.1792298596530004,0.0,1.0,-1.0
AIRG,2018,67810359.99999999,10.159999999999998,0.20242782152230995,-0.012211590759291492,-0.0139628625133715,-1.0,-0.017525006503431043,-0.02543622047244095,0.0,1.0,-1.0
AIRG,2017,87336870.0,12.365,-0.1783259199353014,0.005067928101342593,0.004892856834908044,1.0,0.02614341457393653,0.009229720986655884,0.0,1.0,0.7972115381929605
AIRG,2016,34021933.0,15.57,-0.205844572896596,0.016649454637181697,0.019870248946519085,0.8973049500809812,0.14076084389443716,0.0479602697495183,0.0,1.0,1.0
AEGN,2018,928645604.2425,22.91583333333333,-0.15829666533328474,0.0007375931690005312,0.005557834321159476,0.017959988948788967,0.02184040920168261,0.0040025775930278935,0.0,0.9684270430229912,0.21670655611590733
AEGN,2017,964518329.4766666,23.221666666666664,-0.013170171535204148,-0.015593456411757212,-0.007941941944888188,-0.035494326118688496,-0.04689283616262699,-0.0916036817372582,9.418515080003089e-05,0.9995165740577971,-0.5314056772253031
AEGN,2016,902508419.24,20.205833333333327,0.1492555780096507,0.0061763666007027575,0.010398798612020426,0.035812032751868984,0.05573133604931445,0.0429781916760644,0.001859745407577936,1.0,0.721345800826067
AEGN,2015,789504419.4224999,18.494166666666665,0.0925517054927229,-0.0016027487727557745,0.003739211289996026,0.012760435920564271,0.02186054894109962,-0.012098453798989264,0.0007078802768219825,1.0,0.2561290514068621
AEP,2018,53204008183.33333,65.38544166666667,0.2865145949283053,0.006990267837936828,0.041410683082546605,0.02908175108862705,0.05462934277403726,0.059559618846942636,0.03886947783674835,0.1845805198409028,0.2478510761674114
AEP,2017,49762219400.0,62.9258,0.0390879681572052,0.0073869403405886986,0.0578690947753308,0.041689744604158425,0.07623454190228501,0.061652186934201526,0.038681702562502265,0.19947892108858345,0.4303182921572631
AEP,2016,43987561100.0,55.34809166666667,0.13691001993293656,0.002406342123631391,0.018423269699208187,0.017192502909686238,0.03237278822444193,0.022433775569799082,0.04116592308683052,0.26671930932827964,0.12748433303491494
AEP,2015,40173648041.66666,47.05345833333333,0.17628105621000234,0.008296843057498731,0.05065124109595702,0.042275301568011237,0.08866757622572682,0.08860658883582337,0.04583771070154705,0.19223464866005485,0.46697692711064503
ALCO,2019,358529087.83705014,30.17785000000001,0.023607822735328143,0.02266057002117933,0.0924614113585983,0.10798296176994153,0.1989713036405636,0.1676808211475294,0.008124096560236339,0.37708542019273933,1.0
ALCO,2018,354819391.6666666,29.983341666666664,0.0064872133165057655,0.0077050790936701455,0.03240302161636791,0.04969850849886906,0.10007062983005416,0.06217738286184071,0.009395693410233706,0.6991059787669958,1.0
ALCO,2017,415964834.98050016,29.03335000000001,0.03272070452313132,-0.0056365731352968395,-0.011734666368839013,0.014812408855892882,0.02686044362505733,-0.039510731644270616,0.008306827190473572,0.9474128761809424,0.4036780114170099
ALCO,2016,414341099.94024986,26.846149999999994,0.08147164490997835,0.003811630350890198,0.03787553052789259,0.027132995701991833,0.053996574327833516,0.031325017332780584,0.008927607542432676,0.3907693129037425,0.7623347417200491
ADT,2018,15098298600.0,7.376154545454545,-0.16010775508795552,-0.008849568192848602,0.00016391392401858448,0.04927547641974839,0.12991629401209484,-0.11040689796119292,0.014397999798309469,0.3647947140218669,1.0
AA,2018,8717664999.999998,42.48499999999999,-0.44733435330116494,0.003874287131167865,0.033779750802059236,0.3399889073765945,0.2812679771475505,0.031134549199748687,0.10299308875276866,0.4297704693388147,1.0
AA,2017,7429278333.333334,39.568333333333335,0.07371214354913416,0.003997821975124664,0.028557329213868863,0.3624100719424461,0.2712241902365124,0.03770637992398808,0.046220723777791836,0.4281980319803198,1.0
AA,2016,5709640000.0,28.08,0.4091286799620135,-0.005973358819664297,-0.000214638334406525,0.14007713884992987,0.13993877022018902,-0.0778416078962527,0.0453427365995672,0.35820630981921303,1.0
AIRI,2018,40500586.3375,1.37625,-0.08144111413866165,-0.05754250774771756,-0.032191366688980545,-0.4100548182342758,-0.14036833819208655,-0.28130816037458456,0.0,0.1550832557658496,-0.13722603070387174
AIRI,2017,58235245.31666666,2.263333333333333,-0.3919366715758468,-0.09279483170109457,-0.06395756883033547,-1.0,-0.2179436169794516,-0.3951653855879024,0.0,0.21602407422008466,-0.2393903957146629
AIRI,2016,39199196.345,4.921,-0.5400663821716454,-0.04717089371980676,-0.0403086004632743,-0.9163028878441908,-0.2784495861582185,-0.41625594879638,0.0,0.1535128849544244,-0.14913239513594753
AIRI,2015,67242933.33333333,9.122133333333332,-0.460542855472404,-0.0023569405099150144,0.001945501106387211,0.04612640163098879,0.010766930651448877,-0.0130295336095149,0.06997110116263533,0.1779299734944672,0.008467242064884336
ALSN,2018,7967386866.666666,42.35363333333333,0.06659719866615144,0.03770356384234128,0.08505344636933285,0.09171949286846276,0.11622380279714127,0.11259144354599827,0.014095955373520909,0.6514084507042254,1.0
ALSN,2017,7774088750.000002,36.26059166666667,0.16803481097821735,0.02996432818073722,0.07206012378426171,0.0621301775147929,0.0810384368200067,0.09266258065746766,0.016363035076417898,0.5731414868105515,1.0
ALSN,2016,6417250983.333333,26.48018333333333,0.3693482107059937,0.012735267624330346,0.06133844147375285,0.051538354123999264,0.06901709176566179,0.048020726183394806,0.02247968847859245,0.6165984804208066,1.0
ALSN,2015,6837376625.0,26.758625,-0.010405679165751951,0.010338217947554669,0.053958102527948436,0.04292940026352701,0.05908698937584121,0.03849015047764445,0.02229599501063771,0.7803676953381484,1.0
ALE,2018,4923051508.333334,69.19711666666667,0.13375629572234102,0.008426911907066795,0.03356466034965968,0.01981974098704935,0.046008050010567535,0.048854384215987486,0.03227027102147364,0.3056035546778573,0.90311004784689
ALE,2017,4673514249.166666,65.22924166666665,0.06082969690612972,0.008474409448818897,0.04047770027478335,0.02241603886502852,0.05449860349637653,0.05166184563235069,0.032611165042023924,0.38667425968109337,0.9655041698256256
ALE,2016,3881572666.6666665,51.182916666666664,0.2744338524409998,0.007913133865970976,0.04170709860416511,0.02306148478823573,0.06335061098087562,0.0611736999571167,0.0404542111113708,0.23817271589486855,0.4765503875968992
ALE,2015,3545433999.1666665,42.23490833333333,0.21186285673245414,0.007188563510016098,0.03543797093649085,0.0203954086123728,0.06535166077113824,0.06804151354836313,0.04720952640953048,0.4609658678286129,1.0
AAPL,2019,224737238294.3333,52.54891666666666,0.8420988697832337,0.04080752460740408,0.06143004297124233,0.11997466801965236,0.2925060417175089,0.2366553324440989,0.06047011435460824,0.7506432206435992,1.0
AAPL,2018,243693378522.30005,45.48055,0.15541515365725925,0.04069382732927746,0.06673506654869256,0.13607805220403776,0.29915872331889704,0.2752759228606649,0.06340534266626527,0.5449959782999333,1.0
AAPL,2017,208763384522.95,36.23295,0.2552262512436884,0.032206602916452415,0.06690107052182485,0.1204010550520763,0.3069934900052097,0.2603191604328081,0.06874760314298622,0.6139524272422481,1.0
AAPL,2016,139185005370.94998,24.53315833333333,0.4768970838446881,0.03550589705489204,0.06958852526676529,0.14382534355724705,0.4409383024876419,0.3489874811944245,0.09280972479069008,0.6628420626281548,1.0
ALG,2018,1191577700.0,95.03680833333333,0.09587785153769808,0.02545823153874615,0.025051000077317902,0.2896056517459031,0.08394249069951544,0.06443643721551044,0.004492996003215246,1.0,1.0
ALG,2017,1127889600.0,91.10521666666666,0.043154407733329535,0.017319450154845224,0.024314978408119425,0.3564783021027503,0.07731785096697408,0.040534634588249886,0.004220394990188085,1.0,1.0
ALG,2016,794264400.0000001,61.75336666666667,0.4753076890274807,0.0181108622660897,0.020011885201267125,0.2392500316175541,0.0857434879367626,0.05403888910780032,0.0055516541338366966,1.0,1.0
ALG,2015,683142900.0000001,51.45990000000001,0.2000288898086988,0.0178992482224612,0.01890908925540345,0.12675428020255605,0.10772416722767664,0.07633304590741351,0.006409227025668176,1.0,1.0
ALIM,2018,1093973921.9265003,15.256750000000002,-0.29746942610101546,-0.0756912101722481,-0.05146902278049819,-0.07453854928189972,-0.01051304767827245,-0.01532208092610429,0.0,1.0,-1.0
ALIM,2017,1419553677.75625,20.38125,-0.2514320760502913,-0.09178709698952006,-0.11452996212965025,-0.11595019397535372,-0.011453599997499928,-0.015611410732127197,0.0,1.0,-1.0
ALIM,2016,1599323011.0,24.625,-0.1723350253807106,-0.11809224109698273,-0.20277138612996246,-0.2062075712210595,-0.01739736113882501,-0.02076946034809597,0.0,1.0,-1.0
ALIM,2015,2655755657.1875005,59.68750000000001,-0.587434554973822,-0.10869488110776912,-0.4345195650236207,-1.0,-0.00972303303962309,-0.011407945360541008,0.0,0.5460020534395111,-0.3240306186472581
AAON,2018,1841011043.1317496,35.448375,0.3053221762633693,0.034533107071126584,0.03277185923626618,1.0,0.04048862187876927,0.023099231420256446,0.00907648086061378,0.6578706496640386,1.0
AAON,2017,1766216108.10365,34.21698333333333,0.035987733187077195,0.04590774310937395,0.04630125458996328,1.0,0.05098923035907165,0.03038215844770887,0.007617003025267831,0.828333166883052,1.0
AAON,2016,1383844070.7526,27.009325,0.2668581437460333,0.05201730791720267,0.05202069394781458,1.0,0.06715641015064515,0.037533751507924665,0.008913703426904469,1.0,1.0
AAON,2015,1121038633.42595,21.53065,0.2544593405215355,0.04909514116141445,0.04969597787510699,1.0,0.06349290548754459,0.04006340919650336,0.010388205100659121,0.9871927763573124,1.0
AKR,2018,3542239463.7104,23.976116666666666,0.10279465607093732,0.0016608020652827387,0.026258232810730208,0.008511547487941949,0.015587314343272781,0.013449205706293623,0.045456464033435534,-0.0485443783030131,0.39450970304952987
AKR,2017,3509159631.4909997,25.58065,-0.06272449423033942,0.0007943948950658886,0.017300868689613284,0.020418043703787275,0.033831176824964705,0.005876780121713571,0.046479521231229066,0.21308140799721534,0.5907711140747228
AKR,2016,3922892465.5610666,29.41173333333333,-0.13025697227410374,-0.0005748931420734943,0.02881056549734388,0.0271230734394274,0.04311410559550225,-0.003737258082784264,0.03714645007432996,-0.26248180776772645,0.052950318142712775
AKR,2015,3143515474.3589587,26.595041666666663,0.1059104062317381,0.005417306028818208,0.07210303688634,0.03476159879176492,0.060098002233796965,0.035165696642451554,0.04621451576924604,-1.0,0.06739193404316646
AERI,2018,2260318303.28,54.16,-0.4257600935499754,-0.2039764036429464,-1.0,-1.0,-0.1028908183694828,-0.09441986612365012,0.0,1.0,-1.0
AERI,2017,1828258151.8375,52.8875,0.024060505790593118,-0.1249715787733054,-1.0,-0.29637679404594697,-0.08032946542718522,-0.07425790132424558,0.0,1.0,-0.5818061530904106
AERI,2016,669378896.5825003,23.29750000000001,1.2700933576564004,-0.09975569376525656,-1.0,-0.20001699414106755,-0.1476981131385502,-0.12707987040736582,0.0,1.0,-0.3920888987594784
AERI,2015,542589028.6958333,21.010833333333334,0.10883274501249382,-0.1168296392189886,-1.0,-0.15054112378510814,-0.1367959838377211,-0.133766845941284,0.0,1.0,-0.29517454207064403
ALGN,2018,22496459971.666664,291.2058333333333,-0.12525790749384036,0.04875069307142948,0.05931425096059379,1.0,0.02317213466725626,0.01722788045516898,0.0,0.900799482135555,1.0
ALGN,2017,12561029300.000002,165.94916666666668,0.7547893682302309,0.032541724414125776,0.05999862224644414,1.0,0.031155886245723505,0.017422680802774985,0.0,1.0,1.0
ALGN,2016,5905165957.5,82.2775,1.0169446892123202,0.0339651656590154,0.057627325039773164,1.0,0.04621766804934034,0.02897933872432089,0.0,1.0,1.0
ALGN,2015,4246116875.0,60.04291666666666,0.3703115132925756,0.03107541387134666,0.055776795831036834,1.0,0.043828515671745366,0.03017129126323297,0.0,1.0,1.0
ADTN,2018,579576799.9999999,13.827641666666665,-0.12780077586139335,-0.007699509734454091,-0.021454739200834343,-0.16682088435642006,-0.02924030085400244,-0.029141508222961618,0.026015221925647727,1.0,-1.0
ADTN,2017,868707621.875,19.504375,-0.2910492304077077,0.008907567546562965,0.014047737814275185,0.3841156191991513,0.046687745080974966,0.025209649806379426,0.01836582205692944,1.0,0.7753096803792628
ADTN,2016,739428003.1333332,17.241108333333333,0.1312715298175436,0.01319962232197052,0.013636948966756232,0.43000144943290936,0.06419421471577777,0.04215452455204709,0.021039569820279998,0.9791164499940728,0.8670721905596961
ADTN,2015,663615377.3166666,15.227841666666665,0.13220958759202592,0.0073652560261903855,0.005615650997226961,0.2291528731226261,0.039637417846404364,0.02470777034634949,0.0244467261139012,1.0,0.4615384615384616
AEY,2019,16646743.533700004,1.7604750000000002,0.4707299639775247,-0.03599430780813821,-0.018034455962962718,-1.0,-0.23837677272835384,-0.29069143339739195,0.0,0.7870557913032759,-1.0
AEY,2018,10942043.306666667,1.3653333333333333,0.2894104003906252,-0.04122040012956525,-0.027383322562601627,-1.0,-0.4982586750208049,-0.5201967036413713,0.0,0.6419995594410924,-0.9645837174057428
AEY,2017,14636504.925,1.615,-0.15459236326109393,-0.000447220986221732,0.0007472531469864789,0.01653476495482879,0.009948139992854202,-0.0059410298143574855,0.0,0.5223594810396404,0.015898187659453014
AEY,2016,17191071.99633334,1.7991333333333337,-0.10234557379479027,0.001462968834804553,0.0022234348864079347,0.04962532611826271,0.0412532156314197,0.016133690640578034,0.0,0.9504925837432004,0.07705229373846285
ACOR,2018,6475175000.0,139.96,-0.6770863103743927,0.006478972289803688,0.020409050702857038,0.030610044640255487,0.006489399900388793,0.005120307929925267,0.0,1.0,0.9458425246477288
ACOR,2017,5823572000.0,126.0125,0.11068346394206928,-0.046612015836803786,-0.09893725341542478,-0.17429473784904387,-0.040047757630540165,-0.03853292677141243,0.0,1.0,-1.0
ACOR,2016,7093363369.825,151.6625,-0.16912552542652265,-0.006447347346228773,-0.017312322339641383,-0.019857224848492328,-0.00362888500954309,-0.0049968609976828475,0.004033805460778925,0.7759311972197619,-0.546564464073382
ACOR,2015,9011022000.000002,206.20000000000005,-0.26448836081474314,0.002487640534368043,0.017248203629277797,0.038838598140137966,0.005026066965545084,0.0012188078652676131,0.0,1.0,1.0
AESE,2018,117586170.0,9.809991666666667,-0.2458573274357183,0.002016932762755068,-1.0,-1.0,-0.007005747359574685,0.009694189342668486,0.0,0.157920880079545,-0.16693003025810574
AESE,2017,51822430.0,9.625,0.01921991341991344,-0.03242367145384789,-0.32072011085199553,-0.18759943153865305,-0.338479534826908,-0.6263976103896104,0.0,0.20727931140564665,-1.0
AEO,2019,2606330617.400001,17.582150000000002,-0.2819677911973224,0.03439963055157725,0.02088406777477129,1.0,0.13240837432369254,0.0863851106904763,0.032034811133901726,0.5729795722802199,1.0
AEO,2018,3252809037.333333,20.677333333333333,-0.14968967629610513,0.02810129641752275,0.019943623438928068,1.0,0.08828461698920563,0.055684533291888036,0.024151065834309364,0.5876878783069982,1.0
AEO,2017,1963149545.683333,12.874891666666665,0.6060199859286844,0.02979381934861387,0.022956260137151945,1.0,0.17077761637527314,0.09072183701614664,0.03872296965683142,0.5496169369945907,1.0
AEO,2016,2341011847.1249995,14.43960833333333,-0.10836281916695566,0.033825173081527264,0.022706686943899903,1.0,0.13749225592142572,0.08386443196103427,0.037383334268193034,0.4509523768444753,1.0
AAXN,2018,2703790237.583334,51.91666666666668,0.1860674157303367,0.01014710787447536,0.014783915937419656,1.0,0.009187473071950676,0.0095652103814115,0.0,1.0,1.0
AAXN,2017,1200342103.8175,24.2075,1.1446521394884508,0.003850055602877153,0.00946995037783815,1.0,0.01084940698037867,0.004060773238059965,0.0,0.7398193608151922,1.0
AAXN,2016,1125041427.5758333,23.200833333333332,0.043389246075931226,0.01554574116615078,0.02968461667505452,1.0,0.028310957462811374,0.014248064774781181,0.0,0.9123002601263472,1.0
AAXN,2015,1240324052.6,25.14375,-0.0772723506504268,0.02167752010822991,0.0446392476704465,1.0,0.0284885227581694,0.014764933059188263,0.0,1.0,1.0
AAWW,2018,3502465895.4775,59.9675,-0.3633217993079584,0.012221190967971337,0.02647229512825071,0.04806861707940513,0.12106470488335523,0.17631271132973025,0.0,0.3750802523562092,0.5586833242860079
AAWW,2017,3176582226.425,57.80416666666667,0.03742521444532546,0.011274074950024842,0.028052224479007258,0.02932259055077746,0.07418979998047415,0.1528533445349389,0.0,0.3931012353167361,0.3797319463377064
AAWW,2016,2581078474.5,42.25,0.3681459566074951,0.0025089001946847693,0.02287297914196737,0.02560845827641832,0.06615567937471481,0.04032721671097759,0.0,0.2953671232779761,0.3208617547024447
AAWW,2015,2405491841.3475,45.05583333333334,-0.06227458523683591,0.0004373976293840918,0.016940223047756053,0.011281416220155813,0.03263740023995305,0.006563817068413763,0.0,0.5780789709372213,0.1524209831482488
AGFS,2018,690308678.9466668,6.444166666666668,-0.5891633260054313,-0.008356620300304575,0.010269260456635306,0.003778908556782925,0.008765643812030792,-0.0925345379080992,0.0,0.9235149132659428,0.07402740396378762
AGFS,2017,635597736.9649999,5.9049999999999985,0.09130680214507507,0.00596763022711116,0.062159352785534,0.033967280011318705,0.08612050801404006,0.07895708772527214,0.0,0.8170997042670046,0.6265653258853964
AGFS,2016,571261819.2583332,5.108333333333333,0.15595432300163115,-0.028876298863998742,-0.0577037496320513,-0.02563670321449564,-0.07054733686267115,-0.436501102966362,0.0,0.8002167853824713,-0.2741974989454204
AGFS,2015,695896000.0,6.9475000000000025,-0.264723521650474,-0.006579542872554435,-0.020260986914015986,0.022206989571514013,0.0518611976502236,-0.08202662828355523,0.0,1.0,0.6573291563456215
F,2018,103301557916.66667,9.137708333333334,-0.02462232963224745,0.003583261869494036,0.4950058626152253,0.7879933704508689,0.0,0.10064994650490927,0.07951811112231749,0.5411221211899256,1.0
F,2017,103605223583.33333,9.971541666666663,-0.08362130563227814,0.007371765034444237,0.5108126291508482,0.7273773939458849,0.0,0.19068773805749012,0.06481677389378512,0.5582716701902748,1.0
F,2016,94651119875.0,10.046791666666667,-0.007489953260369591,0.004828725241751453,0.5108391558987474,0.779421375158021,0.0,0.11439346608963467,0.08402792461240355,0.5514061651953346,1.0
F,2015,197045491750.0,11.162541666666668,-0.09995483406183628,0.008194953873513393,0.4648631300231349,0.3976480415499401,0.0,0.16504564019534454,0.05327663416043945,0.4320107955405337,1.0
ABTX,2018,295494466.6666666,39.892716666666665,-0.1487656685869559,0.0020035985185754834,0.09362618495583012,0.038181250632740533,0.15315684422291498,0.05845208586529789,0.0,0.03900816511829163,0.7633416542976657
ABTX,2017,305165758.33333325,36.80905833333333,0.08377444229647274,0.0015411342650296428,0.06718083795159273,0.019145461671335882,0.08644154620777,0.036847117359681415,0.0,0.043867606737879435,0.03801030553490222
ABTX,2016,53949458.33333331,24.30095833333333,0.5147163263451546,0.002330832804286341,0.08421786846765228,0.03637365696403155,0.6006547795119972,0.0723333296842915,0.0,0.04039229754264708,0.16892737243780884
ABTX,2015,-43920200.0,23.6318,0.028316012040273363,0.0018931880250160824,0.08210512211928643,0.26210341298447026,-0.5364501983142154,0.06072710961885719,0.0021504151955492948,0.050914270333070416,0.17248674924595156
AIZP,2018,6895107756.853045,94.83451111111113,0.12696166280770282,0.0015271615724775063,0.010365218038767963,0.036640200035093884,0.04845464520375887,0.0427517276798438,0.02520819002636208,1.0,1.0
ALTR,2018,2502197000.0000005,33.415000000000006,0.09514190233926856,0.0070956880566868654,0.015543204862013375,0.3338053716904277,0.016768463873947568,0.005472592149234375,0.0,0.5974676182092555,1.0
ALTR,2017,1204805000.0,23.92,0.3969481605351172,-0.08632946701821302,-0.024942774942774942,-1.0,-0.018678541340714887,-0.0799194430151788,0.0,0.35932807665233485,-1.0
ALOT,2019,141707666.66666666,19.481666666666666,-0.561055265634357,0.012039535059630369,0.015952347848994197,0.15290337045063895,0.05775269745461902,0.04201752563460152,0.014174498612859462,0.6577539022906953,0.5395569620253164
ALOT,2018,129004308.33333331,17.577758333333332,0.10831348896877734,0.00671637520132774,0.011931111718591549,0.07657868635662332,0.0430915840859837,0.026705826905036992,0.01579918670218865,0.697958474837913,0.4711016949152542
ALOT,2017,80328866.66666666,13.143733333333332,0.3373489774594738,0.012633717803143487,0.015950044693645374,1.0,0.08222448883049929,0.040209275903345575,0.019800310414088338,1.0,1.0
ALOT,2016,74496100.0,13.5593,-0.03064809146981545,0.014510088118722984,0.015672209427623655,1.0,0.0927431100420022,0.04767418461340714,0.021577177920056975,1.0,1.0
AIMC,2018,3977713423.1672,38.26006666666667,-0.19194490861664298,0.002037065942581497,0.018436548681149828,0.011879184748090141,0.020199796076818224,0.014390991472418626,0.00812778896436082,0.7011583756044021,0.8773832143091136
AIMC,2017,1426494192.427825,41.396391666666666,-0.07576324587066463,0.013964755603878536,0.023093299358872728,0.07150981800766283,0.055266260752049184,0.04275247237572729,0.015179135339576575,0.7458383628554586,1.0
AIMC,2016,978679902.3876334,26.53181666666667,0.5602547004885327,0.007225599661540725,0.01676738523866352,0.03494214652940527,0.04655659106602672,0.03482819809077058,0.016163110068616558,0.5953368720975627,0.4114576748722209
AIMC,2015,791324892.8787832,23.691016666666666,0.1199104301841558,0.013998184498016864,0.0215006455483947,0.06842561901217686,0.07993050713961163,0.05798778239554029,0.0244490090832239,0.7954077183298355,1.0
AAU,2018,71734420.0,0.71125,-0.14993555946104287,-0.011875241703491716,-1.0,-1.0,-0.0626506912581157,-0.04571594089696023,0.0,1.0,1.0
AAU,2017,94065470.0,1.15,-0.3815217391304347,-0.019577280729066872,-1.0,-1.0,-0.05942151780031504,-0.04738496376811595,0.0,1.0,1.0
AAU,2016,82477940.00000004,1.1249750000000005,0.022244938776416718,-0.021170120743613973,-1.0,-1.0,-0.05326595208367228,-0.043616145399437034,0.0,1.0,1.0
AAU,2015,56433258.33333333,0.7730583333333333,0.4552265352981132,-0.007487371304325163,-1.0,-1.0,-0.05347269091172745,-0.02028112559511671,0.0,1.0,1.0
AAMC,2018,52710560.054425,60.143675,-0.6957971889812188,-0.055077278343832935,-0.1037297500941856,-1.0,-0.19922004222981976,-0.11491051638041165,0.0,1.0,1.0
AAMC,2017,75880215.39999999,80.74,-0.2550944389398067,-0.02885140841571861,-0.10114262114537444,-1.0,-0.08251162660774419,-0.053972958288605835,0.0,1.0,1.0
AAMC,2016,-26140468.69333333,21.386666666666667,2.775249376558603,-0.018764829348421243,-0.054061827822520135,-1.0,0.12352494662130906,-0.15242051511765084,0.0,1.0,1.0
AAMC,2015,521870122.7975,109.54916666666666,-0.8047756334674689,-0.0003256424956132293,-0.04890588031390695,-0.024140263616015917,-0.09300015057354133,-0.014662552531075297,0.43730505836069933,0.23067426959026516,-0.04343001748511439
ADMS,2018,520859499.9999999,22.75083333333333,-0.7214204607889819,-0.13947102813290518,-0.8446072960112788,-0.2350156184834325,-0.2120475867292428,-0.21325877358989706,0.0,1.0,-1.0
ADMS,2017,427254234.19000006,21.356666666666666,0.06528016232245966,-0.1201685501890684,-1.0,-0.21079863647431216,-0.2026311106410243,-0.17968103122483792,0.0,1.0,-0.4034550572270067
ADMS,2016,224000609.5533333,15.338333333333333,0.3923720525915462,-0.10538487994216447,-1.0,-1.0,-0.2686287332877687,-0.17786920136482354,0.0,1.0,-1.0
ADMS,2015,253583451.23166665,19.474166666666665,-0.21237536907869395,-0.10059187683990586,-1.0,-1.0,-0.2250698920721716,-0.14374333377302706,0.0,1.0,-1.0
A,2019,24349531950.0,75.28469166666666,0.2344222702202737,0.028327338129496407,0.04556459422816192,0.13837792642140467,0.04078107135854002,0.04473584806873935,0.008604654250383105,0.6033653846153846,0.7195652173913043
A,2018,20937189583.333336,65.80058333333334,0.14413410722042724,0.009249502400187331,0.04721204721204721,0.14164816870144284,0.04876490208660805,0.014776581650988791,0.008931414858667275,1.0,1.0
A,2017,18120182733.33334,58.27356666666668,0.12916691215628331,0.020294327082838837,0.047014758497316636,0.12222838137472285,0.04867500581975365,0.03600533877056527,0.008948695308473824,1.0,1.0
A,2016,13340471491.666666,41.718758333333334,0.3968192965154967,0.014819091608929948,0.03658971918134222,0.11282722513089005,0.06461540737435419,0.03366004587022752,0.010928586321502438,1.0,0.2260094389092816
AINC,2018,145004540.64166665,79.14166666666667,-0.5069179740970833,0.006716270233901927,-0.0010727802782324056,-0.02606736398921124,-0.010930692190645474,0.053796010543853766,0.023595853770266243,0.9884301626313864,-0.22298818232976927
AINC,2017,96477214.15000004,63.08750000000001,0.2544746053761308,-0.03996167581221148,-0.03232684461485523,-0.255262102836524,-0.10558969897453238,-0.1389490240092257,0.03381355390285539,0.9454845814977972,-1.0
AINC,2016,-28783.470799997453,46.58946666666667,0.3541150932542695,-0.004614898649429494,-0.01065222669256382,-0.725,0.0,-0.025515089454641312,0.04755859328231557,1.0,-0.2377049180327869
AINC,2015,40731431.71249995,88.41249999999998,-0.4730443470474574,-0.001781533136516339,-0.006164671095860407,-1.0,-0.13822249214658042,-0.0066944408436490285,0.025123842695576944,1.0,-1.0
ACIA,2018,1211395999.9999995,36.58333333333332,0.5981321184510257,0.0020420065164764504,-0.00525903892718548,1.0,0.005362408328903185,0.003199479336153597,0.0,1.0,0.4505479262033569
ACIA,2017,1680606999.9999998,46.6675,-0.2160854270459458,0.015749693251533744,0.024019513664238275,1.0,0.029326308887205638,0.019646587943582643,0.0,1.0,1.0
ACIA,2016,1920736857.1428566,74.37142857142855,-0.37250768344218205,0.06363311899345374,0.061461146459536965,1.0,0.06600748016497837,0.05897291586630812,0.0,1.0,1.0
ALSK,2018,240847692.4,1.6509666666666665,0.017343374588625227,0.004986983314476531,0.026110045253540267,0.036275777783051334,0.10154965470617897,0.10324788227791082,0.0,0.6215358578379522,0.7780251940450439
ALSK,2017,152899115.57895,2.0583250000000004,-0.19790768383677693,-0.0034446662721946946,0.020611048676759,0.016541384437469022,0.07334247786547603,0.0,0.0,0.4775835932463278,0.17582314205079966
ALSK,2016,236845915.9,1.6000333333333332,0.2864263244515743,0.0013484492268740393,0.02149837348919626,0.026943544720193557,0.08106114022293767,0.028968644888763863,0.0,0.6114846570397112,0.5510619977037887
ALSK,2015,246778787.25,1.970825,-0.18814033040308847,0.006985532818091418,0.05126988149490802,0.057844579917314835,0.17394525874103467,0.13007880298701965,0.0,0.5980423485090567,0.9128530112283091
AEHR,2019,-5391946.8445833335,1.5904166666666668,0.14173434634529744,-0.06142347585300605,-0.059365501519756836,-1.0,0.9191485270257664,0.0,0.0,0.9953737300435412,-1.0
AEHR,2018,32383269.999999996,2.223333333333333,-0.2846701649175411,0.004264254563075432,0.007739807139231941,0.9660633484162896,0.026371641900277527,0.0107248909077503,0.0,0.9152762827412988,0.0656014748809341
AEHR,2017,69523483.33333334,3.8058333333333336,-0.4158090650317496,-0.045748090120419534,-0.06520531273150597,-0.1957140597817492,-0.07119896418692101,-0.06960409719783893,0.0,1.0,-0.3646140247495581
AEHR,2016,31534296.0,2.006,0.8972249916915922,-0.1688482978299821,-0.10609613130128956,-0.2531178208073515,-0.19565998873099946,-0.2559286426434981,0.0,0.1832264957264957,-0.4697731079640627
ALNY,2018,9076724312.495,100.11833333333334,-0.12674168900134838,-0.120887736998048,-1.0,-1.0,-0.08380490293760026,-0.07517488239829903,0.0,1.0,1.0
ALNY,2017,6737036252.367502,84.25750000000002,0.18824239187411584,-0.06152135878038632,-1.0,-1.0,-0.07286200958581736,-0.058453704480821024,0.0,1.0,-1.0
ALNY,2016,4587652784.133333,58.92916666666667,0.4298097999010115,-0.08118956929387636,-1.0,-0.6796213682975494,-0.08939386202425402,-0.08097776767958326,0.0,1.0,-1.0
ALNY,2015,7651688999.999998,103.95499999999998,-0.43312811633238735,-0.0523027241058485,-1.0,-1.0,-0.03868531509840508,-0.0332187003992112,0.0,1.0,-1.0
ABCB,2018,1553682050.0,46.33134999999999,-0.1829745589829203,0.0026440084187419693,0.4149194517642883,0.6369354705216983,0.4755052682754493,0.060748961455878964,0.008234416392075275,0.4744732086108099,1.0
ABCB,2017,842722716.6666667,44.54431666666667,0.04011809961540158,0.0023404435959712344,0.4127767266112325,0.3922710817177508,0.6979211410443565,0.044624857502220464,0.00888880951769633,0.5391478369928666,1.0
ABCB,2016,672952166.6666665,31.92923333333333,0.3950950904970056,0.002615339368032442,0.0819466116026797,0.042927624333729784,0.1563944738023728,0.06451767815700764,0.0076812725284293145,0.5032712048060299,0.11147712540143882
ABCB,2015,-223054266.66666675,26.134991666666664,0.22170436251015954,0.0018271353780860056,0.055444600346284484,0.09955157580053194,-0.2543954923973657,0.048841368165731834,0.007699208500480997,0.4401896587413333,0.95029474812433
AKCA,2018,1891798500.0,26.47416666666667,-0.14589694356133354,-0.15456139582380818,-0.8895740515208042,-1.0,-0.11745278368705755,-0.1053069437595233,0.003633637729769178,1.0,1.0
AKCA,2017,346410000.0,20.218,0.30943548653015474,-0.1020734438475618,-0.4920483979061385,-1.0,-0.3074882364827805,-0.1809460216968378,0.012846638309097505,1.0,-1.0
ACA,2018,1414362850.0,27.21965,0.2848796733242345,0.008712365343890988,0.016245549164612436,0.2264542936288089,0.1155997557486751,0.05675671653322777,0.007422608899325694,0.9902147971360382,1.0
ACU,2018,116538218.0,19.304925,0.005189090348706359,0.01050064622242178,0.013575644931367032,0.03309381415092584,0.06340793712840194,0.0595489233964908,0.019228629481855015,1.0,1.0
ACU,2017,132507223.33333331,23.67100833333333,-0.1844485571484948,0.00883048429455202,0.014929207504454853,0.032994438930879284,0.05901909951223541,0.0428000250658242,0.014875031728334346,1.0,1.0
ACU,2016,97124454.66666669,17.524841666666667,0.35071168022916016,0.015888037259146396,0.01694179936898899,0.0465690987354789,0.08612877188046605,0.08346720203368456,0.019012397163835525,1.0,0.12372973135274097
ACU,2015,87092594.33333333,15.901458333333332,0.10209021709224793,0.014718265105009416,0.016726363061561854,0.047497321150740436,0.08243650398702289,0.07536297771430818,0.01884808259200545,1.0,0.13557757151407682
ALLE,2018,8919198400.0,81.25310833333333,0.2471761849521037,0.03868941712333642,0.048120218179155835,0.09380317640385706,0.05933268621987375,0.0557542772979044,0.010179097763747091,0.6252880184331797,1.0
ALLE,2017,8269363200.0,75.97149166666667,0.06952103415107792,0.02687844217151849,0.05068100656091687,0.08684958082172799,0.06063344756703878,0.037472938039587005,0.008596974808203824,0.8603515625,1.0
ALLE,2016,7264981116.666666,63.52351666666666,0.195958530843302,0.02548500489454481,0.04753127792672029,0.06340886629959057,0.04945642586402961,0.03718080789665181,0.007903558902518303,0.708449720670391,1.0
ALLE,2015,6927036641.666667,58.21584166666667,0.09117234842005327,0.016835864000350063,0.04334896765146753,0.04426661264181524,0.03785168370885272,0.027253714671496145,0.010324181711164556,0.5938268843659137,1.0
ALV,2018,8842090205.0,90.11355,-0.17885508524152766,0.00708164722685075,0.01976216266045954,0.09909159948592124,0.0767352497282061,0.024258206577881414,0.1513844593268839,0.44102250916070496,0.4939574839836925
ALV,2017,6979267024.999999,76.05824166666666,0.18479665089987524,0.012488450157311782,0.014574865640590991,0.09963144963144964,0.08134091989409163,0.06454521291478077,0.03155476576119464,0.6301514352444813,1.0
ALV,2016,6405451305.0,71.525525,0.06337201532832731,0.01721740503254639,0.021037662801778902,0.1518157599551318,0.1352285668495922,0.08989385559098659,0.03241631717220377,0.6481944872189713,1.0
ALV,2015,6691840690.833333,74.07424166666667,-0.034407597152811414,0.015175071423825659,0.019842741231896704,0.11559106228935212,0.11070197786010777,0.06999757148293494,0.02998801387743075,0.7471478620194035,1.0
ALK,2018,8035134612.97575,62.130525,0.003907499574484665,0.01001191348973607,0.01945183930300097,0.10166872682323856,0.08189035177300097,0.05709332564639918,0.020642438105563092,0.2935078178110129,0.5885509838998211
ALK,2017,10254898013.138815,78.12325833333334,-0.20471155036949631,0.02406890130353817,0.03970755073742594,0.1428413610251878,0.12608609060210818,0.10755262834980002,0.015394380073278919,0.38685185185185184,1.0
ALK,2016,9362717845.765429,67.281675,0.16113723882964168,0.02042762497490464,0.05686224919912325,0.12991307634164778,0.1468590662082042,0.0980992623671108,0.016390048749296154,0.39506903353057204,1.0
ALK,2015,7476707422.655004,65.77740000000001,0.022869176951354,0.032450635236491665,0.05796713111825653,0.5769230769230769,0.1765483019972532,0.10299127191072306,0.01238810110246905,0.44629014396456257,1.0
ACMR,2018,164545999.99999997,10.648333333333332,0.3979496008765066,0.015949032965539997,0.02167316426188658,1.0,0.050411435100215146,0.0342985339385402,0.0,0.6205461638491547,0.4170437405731524
ACMR,2017,19069000.0,5.25,1.028253968253968,-0.0011709946826530765,0.004793732537117186,0.19910714285714284,0.011694373066233155,-0.008653061224489797,0.0,1.0,0.02071335686420212
ALRS,2018,369118700.0,22.22605,-0.12522542991969662,0.002967550376995691,0.05246274599021727,0.0,0.0,0.08312639576404393,0.023961586902370352,0.030067198568649683,0.0
ALRS,2017,303776083.33333325,17.571291666666664,0.26490700977683795,0.0018066893832549235,0.06294025934993458,0.0,0.0,0.06278097695205621,0.02735387165956917,0.03913231691865867,0.0
WM,2018,44807142933.33333,83.19373333333333,0.2880317107218009,0.021247240618101543,0.04675137454740512,0.061875,0.05302725959419352,0.054572552014606576,0.022736200891280246,0.4091055341055341,1.0
WM,2017,39579591494.16667,71.19684166666667,0.16850314404161873,0.022321224059737046,0.045495340006903695,0.06254281799497602,0.05535681186408693,0.06317749784040205,0.024311505069421004,0.3874923359901901,0.9941016333938294
WM,2016,33989186971.666664,57.20051666666666,0.24468878631923804,0.014166546814324754,0.042177970460724516,0.0511855264636476,0.053605283395534484,0.04703880949838389,0.028891857610682487,0.4090909090909091,1.0
WM,2015,28982598780.000008,45.49552500000001,0.2572778678049467,0.00921935452274842,0.03944525885348353,0.030522920985947936,0.036573669878474574,0.0370104614832083,0.03415972208609532,0.448804780876494,0.8229813664596274
ABBV,2018,158659246633.3333,85.19938333333333,-0.15297293818441168,0.02395454239115784,0.04872072787225597,0.04526699029126213,0.03996615472815308,0.043175491212170576,0.042363151215739726,0.4449213991530832,0.4913980161190328
ABBV,2017,125131454150.00003,64.85805,0.3136285061504828,0.01875017658859096,0.08498724128154239,0.07047722062574667,0.06977462269026144,0.05106405695324991,0.03950274663910292,0.5894477495342828,0.5884216201644427
ABBV,2016,111036653166.66667,49.67483333333334,0.3056520907635992,0.02251546922041181,0.0915047975661128,0.0606794119260519,0.0796944049341761,0.07347599955475,0.045877757491181885,0.7536550454963705,1.0
ABBV,2015,100888261408.33333,48.90364166666666,0.01576961633906979,0.024241281809613567,0.08242924012423991,0.06264312814027413,0.07266454885498169,0.0642556143032535,0.04114657727739445,0.6698641454011383,1.0
AIHS,2019,57852595.66666666,2.4113583333333333,-0.7145004717258253,-0.09237086080345877,-0.2759131692811829,-1.0,-0.0718351173721753,-0.07257111442933402,0.0,1.0,-1.0
AIHS,2018,101938430.0,5.14,-0.5308641374837872,-0.17147133291712124,-0.8499066472417492,-1.0,-0.009999437895992707,-0.08718581535196321,0.0,1.0,-0.453159898567425
MSFT,2019,927896952958.3334,130.19154166666667,0.4884421254965041,0.034234146205279245,0.08534245051373537,0.07522971167224587,0.0470828143801026,0.03943504760052255,0.013879649398848544,1.0,1.0
MSFT,2018,695737118500.0,98.6405,0.3198588983902825,0.016004566386450734,0.07941736136281262,0.06355905621580178,0.05242497349952732,0.021882750651879262,0.016769600538785515,1.0,1.0
MSFT,2017,477856082400.0,69.3778,0.421787661182684,0.02198800428063015,0.062051139521956636,0.03980555479131703,0.048443455786385946,0.039651129718430767,0.02214995432535429,1.0,0.937737989143644
MSFT,2016,331110541333.33325,51.68641666666666,0.3422830305189791,0.021681105248484725,0.0591361931551805,0.045316672938023696,0.05965077378831143,0.04162376375588,0.027271767109013887,1.0,0.6980631936099526
AIT,2019,3028491653.4166665,57.72108333333333,0.056341631379637526,0.01543864833209461,0.016830231123041498,0.06401180823855906,0.07768520667196674,0.06463285743620055,0.021215869101827555,0.8265607818893141,1.0
AIT,2018,3453781993.55,66.23285,-0.1285127646880161,0.015490053335001646,0.018370229924178583,0.05994099664544138,0.066263591745918,0.0552486728055028,0.017889451985982328,0.7351167839168098,1.0
AIT,2017,2446468372.358334,58.00969166666668,0.1417549050352646,0.02412627603875771,0.016827977758809076,0.14809245574841035,0.07185745868872039,0.059127772697491934,0.01970145687394065,0.8674605249989508,1.0
AIT,2016,1954471425.0000005,43.32690833333334,0.3388837075651025,0.005635753891884682,0.008811623114452964,0.0997649291552546,0.0662726496500198,0.01750377870375662,0.02564285530086805,0.8081069552250777,1.0
ADMP,2018,133085349.69,3.2216666666666667,-0.5373357475426799,-0.16710112831568882,-0.6539519759299667,-1.0,-0.2946857568571791,-0.2560222643366896,0.0,0.973939993248916,-1.0
ADMP,2017,129577683.45000002,4.352500000000001,-0.25981236837066835,-0.12420919741934923,-0.4740417634195115,-1.0,-0.19792821817112052,-0.17573425047146404,0.0,1.0,-1.0
ADMP,2016,97144000.78708334,4.5095833333333335,-0.0348332255382055,-0.1285994817396264,-0.9732955919837848,-1.0,-0.24497262627837155,-0.19599398650743932,0.0,0.35583707393074193,-1.0
ADMP,2015,58533269.03833333,4.661666666666666,-0.03262424025741853,-0.2813000000911966,-1.0,-1.0,-0.23186808498790196,-0.216756875179858,0.0,0.7554412224963789,-1.0
ACAD,2018,2298718631.1862497,19.27125,0.5982789561306782,-0.11347236774391803,-0.27640332965456843,-1.0,-0.1063370682621812,-0.0884454885094367,0.0,1.0,-1.0
ACAD,2017,3735695464.500001,32.77083333333334,-0.4119389701207885,-0.18816546425803501,-0.5852835445672973,-1.0,-0.07754834481369431,-0.07098364989773076,0.0,1.0,-1.0
ACAD,2016,2972609104.265,28.85166666666667,0.13583848420079753,-0.12090864701783648,-1.0,-1.0,-0.09116133016318792,-0.07750442775295635,0.0,1.0,-1.0
ACAD,2015,3566538997.445,37.0975,-0.2222746366556596,-0.1852703518765548,-1.0,-1.0,-0.046154549303379235,-0.0434842163982806,0.0,1.0,-1.0
AHC,2018,24823466.666666657,3.6425666666666654,-0.1664371276663891,-0.05144623041775457,-0.033160806181316636,-1.0,-0.9241658430732214,-0.31472563052859004,0.08879852451692821,1.0,1.0
AHC,2017,27914133.333333343,3.8897333333333335,-0.06354334487368471,0.015598902043623504,-0.01010855662722322,1.0,0.13974999522344708,0.11873915170627886,0.11818992031860096,1.0,1.0
AHC,2016,5649066.666666658,3.8963666666666654,-0.0017024407353858275,-0.02504786464035365,-0.022834097482922026,-1.0,0.0,-0.22526814024876324,0.08199946959132869,1.0,1.0
AHC,2015,4731350.0,3.957683333333333,-0.015493070441040906,-0.02013760660222753,-0.016808583356608404,-1.0,0.0,-0.21467585353865629,0.6882333159069128,1.0,1.0
ACRX,2018,124389390.9875,2.87875,-0.09104067158778407,-0.0977927206657098,-1.0,-1.0,-0.3612044374790375,-0.207957334429887,0.0,1.0,-1.0
ACRX,2017,95114269.66666666,2.833333333333333,0.016029411764706042,-0.17043890300720033,-1.0,-1.0,-0.5140448449149458,-0.3571629917001579,0.0,1.0,-1.0
ACRX,2016,85861599.08333334,3.2583333333333333,-0.13043478260869573,-0.10790005300371026,-0.4602897966238405,-0.5409083609891875,-0.4707692429623774,-0.2921687132162139,0.0,1.0,-1.0
ACRX,2015,114609612.24333335,4.675833333333334,-0.3031545179112459,-0.0477344758774504,-0.2589679696828116,-0.3144709606721052,-0.18028156273778748,-0.11525673825572234,0.0,1.0,-1.0
AAOI,2018,611663091.6666667,30.75916666666667,-0.629893527674677,-0.0011492160054836775,-0.010064868300525302,-0.04050672764631802,-0.01598592449538976,-0.0035218485558349,0.0,0.6524257924513679,-0.16672918869147085
AAOI,2017,1030493152.5,54.7775,-0.43847078332040224,0.04081325168217862,0.056856136991962423,0.4310879454905241,0.08202480510902764,0.06940646247222086,0.0,1.0,1.0
AAOI,2016,290409666.6666667,16.70916666666667,2.278290359583063,0.024226074870159285,0.022074081461223645,0.1501114954687098,0.07232197275343223,0.10159094309510748,0.0,0.8815216847581412,1.0
AAOI,2015,274206552.50000006,16.680833333333336,0.00169855622720682,0.009866532589816254,0.01770509154673702,0.0820838478273652,0.04072842132392149,0.03842449221920497,0.0,0.5918601511879049,0.15989004695911122
GE,2018,167074170217.59164,11.642441666666665,-0.14504904111608874,-0.018079022026403217,-0.1254224396661596,-0.15630732182200133,-0.3651851146142984,-0.22064810187841385,0.04415923094627705,0.2441122926660117,-1.0
GE,2017,266052757583.0,22.973000000000006,-0.4932119589663229,-0.003827276455568932,-0.0080308292107591,-0.008862475708410537,-0.014741437133108687,-0.029014321772573532,0.04337606002985845,0.531456286218191,-0.06349360531002105
GE,2016,292448981808.1667,26.925583333333336,-0.14679657203341304,0.006045599055815852,0.028405002708318174,0.03318379297317718,0.04805624527432545,0.03751487120842941,0.0374086689912161,0.5511847994438821,0.1943522513552384
GE,2015,292442142529.0,22.942375,0.17361795948908246,-0.0031084328546028763,0.024809176562792842,0.0196185093368543,0.03983352022817583,-0.028468772823012405,0.04319576287788121,0.537635750265724,0.10320174350614834
ACCO,2018,1844243984.3333333,10.396666666666668,-0.1832574543122797,0.009573284524834913,0.024083041417679786,0.056213718753702166,0.10291479956683164,0.09988354866944467,0.02349650488850104,0.4502670226969293,1.0
ACCO,2017,2025352266.1560328,11.370508333333332,-0.08564627351019899,0.011762709442320746,0.024758825944170768,0.055936201280467265,0.0983532609752212,0.10856910594407944,0.020691606372030324,0.5343610698365527,1.0
ACCO,2016,1567101156.9929998,9.10325,0.2490603172859509,0.011564543472995882,0.026860831032046752,0.0693384223918575,0.11128828488305367,0.09722069379653653,0.025552245175843636,0.5668061023622047,0.7402376910016978
ACCO,2015,1409356709.802317,7.045216666666668,0.29211781989198315,0.010993652093785194,0.027062367584745763,0.0609409645232816,0.12480871505175765,0.11541716570189342,0.033724922690541614,0.6332676611314382,0.11496732026143792
ALKS,2018,6781944871.333332,45.22916666666666,-0.4442561031782588,-0.01908362543266957,-0.02264697872744852,-0.10028089079426278,-0.016445135151632866,-0.019775081893232058,0.0,1.0,-1.0
ALKS,2017,8249998061.200002,54.575,-0.17124751870514604,-0.021970652566425945,-0.04092989171705185,-0.11720471583218152,-0.015911034042219732,-0.018791642903214733,0.0,1.0,-1.0
ALKS,2016,6533182185.348332,44.28083333333333,0.2324745469258711,-0.030184375439854545,-0.06995664441446492,-0.1767314540847965,-0.030536114613090845,-0.030881735512592587,0.0,1.0,-1.0
ALKS,2015,9760872451.7425,66.4325,-0.3334462298824623,-0.0306026854997241,-0.0892441929862255,-0.1844063347624464,-0.02159212724497549,-0.02269033442529829,0.0,1.0,-1.0
AGMH,2018,542428100.0,26.20445,-0.25041262075716125,-0.2376562273120456,-0.07069062810512232,-1.0,-0.001959612711804569,-0.015287717853083659,0.0,1.0,1.0
